hazard_code,admin_division,phase,task_modules,role,criticality
Z01,I,R,1;2;4;7,współpracujący,średnia
Z01,II,R,,wspierający,niska
Z01,III,R,1,wspierający,niska
Z01,IV,R,,wspierający,niska
Z01,V,R,1,wspierający,niska
Z01,VI,R,,wspierający,niska
Z01,VII,R,,wspierający,niska
Z01,VIII,R,,wspierający,niska
Z01,IX,R,1;2;4;7,wiodący,wysoka
Z01,X,R,,wspierający,niska
Z01,XI,R,,wspierający,niska
Z01,XII,R,,wspierający,niska
Z01,XIII,R,1;2;4;7,współpracujący,średnia
Z01,XIV,R,,wspierający,niska
Z01,XV,R,1;2;4;7,współpracujący,średnia
Z01,XVI,R,,wspierający,niska
Z01,XVII,R,1;2;4;7,współpracujący,średnia
Z01,XVIII,R,1,wspierający,niska
Z01,XIX,R,1;2;4;7,współpracujący,średnia
Z01,XX,R,1;2;4;7,współpracujący,średnia
Z01,XXI,R,,wspierający,niska
Z01,XXII,R,,wspierający,niska
Z01,XXIII,R,,wspierający,niska
Z01,XXIV,R,,wspierający,niska
Z01,XXV,R,1,wspierający,niska
Z01,I,O,1,wspierający,niska
Z01,II,O,,wspierający,niska
Z01,III,O,2;3;7,współpracujący,średnia
Z01,IV,O,,wspierający,niska
Z01,V,O,2;3;7,współpracujący,średnia
Z01,VI,O,,wspierający,niska
Z01,VII,O,,wspierający,niska
Z01,VIII,O,,wspierający,niska
Z01,IX,O,2;3;7,wiodący,wysoka
Z01,X,O,,wspierający,niska
Z01,XI,O,,wspierający,niska
Z01,XII,O,,wspierający,niska
Z01,XIII,O,,wspierający,niska
Z01,XIV,O,,wspierający,niska
Z01,XV,O,2;3;7,współpracujący,średnia
Z01,XVI,O,2;3;7,współpracujący,średnia
Z01,XVII,O,,wspierający,niska
Z01,XVIII,O,1,wspierający,niska
Z01,XIX,O,,wspierający,niska
Z01,XX,O,1,wspierający,niska
Z01,XXI,O,,wspierający,niska
Z01,XXII,O,,wspierający,niska
Z01,XXIII,O,2;3;7,wiodący,wysoka
Z01,XXIV,O,,wspierający,niska
Z01,XXV,O,1,wspierający,niska
Z02,I,R,1,wspierający,niska
Z02,II,R,,wspierający,niska
Z02,III,R,1,wspierający,niska
Z02,IV,R,1;2;4;7,współpracujący,średnia
Z02,V,R,1,wspierający,niska
Z02,VI,R,,wspierający,niska
Z02,VII,R,,wspierający,niska
Z02,VIII,R,1;2;4;5;7,wiodący,wysoka
Z02,IX,R,1;2;4;7,współpracujący,średnia
Z02,X,R,,wspierający,niska
Z02,XI,R,,wspierający,niska
Z02,XII,R,,wspierający,niska
Z02,XIII,R,1;2;4;7,współpracujący,średnia
Z02,XIV,R,1;2;4;5;7,współpracujący,średnia
Z02,XV,R,,wspierający,niska
Z02,XVI,R,,wspierający,niska
Z02,XVII,R,,wspierający,niska
Z02,XVIII,R,1,wspierający,niska
Z02,XIX,R,1;2;4;5;7,wiodący,wysoka
Z02,XX,R,1,wspierający,niska
Z02,XXI,R,1;2;4;7,współpracujący,średnia
Z02,XXII,R,1;2;4;5;7,współpracujący,średnia
Z02,XXIII,R,1;2;4;7,współpracujący,średnia
Z02,XXIV,R,1;2;4;7,współpracujący,średnia
Z02,XXV,R,1,wspierający,niska
Z02,I,O,1,wspierający,niska
Z02,II,O,2;3;4;6;7,wiodący,wysoka
Z02,III,O,1,wspierający,niska
Z02,IV,O,2;3;4;6;7,współpracujący,średnia
Z02,V,O,1,wspierający,niska
Z02,VI,O,,wspierający,niska
Z02,VII,O,,wspierający,niska
Z02,VIII,O,2;3;4;6;7,wiodący,wysoka
Z02,IX,O,2;3;4;6;7,współpracujący,średnia
Z02,X,O,,wspierający,niska
Z02,XI,O,,wspierający,niska
Z02,XII,O,,wspierający,niska
Z02,XIII,O,2;3;4;6;7,współpracujący,średnia
Z02,XIV,O,,wspierający,niska
Z02,XV,O,,wspierający,niska
Z02,XVI,O,,wspierający,niska
Z02,XVII,O,,wspierający,niska
Z02,XVIII,O,1,wspierający,niska
Z02,XIX,O,2;3;4;6;7,współpracujący,średnia
Z02,XX,O,1,wspierający,niska
Z02,XXI,O,2;3;4;6;7,współpracujący,średnia
Z02,XXII,O,2;3;4;6;7,wiodący,wysoka
Z02,XXIII,O,2;3;4;6;7,współpracujący,średnia
Z02,XXIV,O,2;3;4;6;7,współpracujący,średnia
Z02,XXV,O,1,wspierający,niska
Z03,I,R,1,wspierający,niska
Z03,II,R,,wspierający,niska
Z03,III,R,1,wspierający,niska
Z03,IV,R,,wspierający,niska
Z03,V,R,1;4;7,współpracujący,średnia
Z03,VI,R,,wspierający,niska
Z03,VII,R,,wspierający,niska
Z03,VIII,R,,wspierający,niska
Z03,IX,R,,wspierający,niska
Z03,X,R,1;4;7,wiodący,wysoka
Z03,XI,R,,wspierający,niska
Z03,XII,R,,wspierający,niska
Z03,XIII,R,1;4;7,współpracujący,średnia
Z03,XIV,R,1;4;7,współpracujący,średnia
Z03,XV,R,,wspierający,niska
Z03,XVI,R,,wspierający,niska
Z03,XVII,R,,wspierający,niska
Z03,XVIII,R,1,wspierający,niska
Z03,XIX,R,1;4;7,współpracujący,średnia
Z03,XX,R,1,wspierający,niska
Z03,XXI,R,,wspierający,niska
Z03,XXII,R,,wspierający,niska
Z03,XXIII,R,,wspierający,niska
Z03,XXIV,R,,wspierający,niska
Z03,XXV,R,1;4;7,współpracujący,średnia
Z03,I,O,1,wspierający,niska
Z03,II,O,,wspierający,niska
Z03,III,O,1,wspierający,niska
Z03,IV,O,,wspierający,niska
Z03,V,O,3;4;7,współpracujący,średnia
Z03,VI,O,3;4;7,współpracujący,średnia
Z03,VII,O,,wspierający,niska
Z03,VIII,O,,wspierający,niska
Z03,IX,O,,wspierający,niska
Z03,X,O,3;4;7,wiodący,wysoka
Z03,XI,O,,wspierający,niska
Z03,XII,O,,wspierający,niska
Z03,XIII,O,3;4;7,współpracujący,średnia
Z03,XIV,O,,wspierający,niska
Z03,XV,O,,wspierający,niska
Z03,XVI,O,,wspierający,niska
Z03,XVII,O,,wspierający,niska
Z03,XVIII,O,1,wspierający,niska
Z03,XIX,O,,wspierający,niska
Z03,XX,O,1,wspierający,niska
Z03,XXI,O,,wspierający,niska
Z03,XXII,O,,wspierający,niska
Z03,XXIII,O,,wspierający,niska
Z03,XXIV,O,,wspierający,niska
Z03,XXV,O,3;4;7,współpracujący,średnia
Z04,I,R,1;4;7,współpracujący,średnia
Z04,II,R,,wspierający,niska
Z04,III,R,1,wspierający,niska
Z04,IV,R,,wspierający,niska
Z04,V,R,1,wspierający,niska
Z04,VI,R,,wspierający,niska
Z04,VII,R,,wspierający,niska
Z04,VIII,R,,wspierający,niska
Z04,IX,R,,wspierający,niska
Z04,X,R,1;4;5;7,wiodący,wysoka
Z04,XI,R,,wspierający,niska
Z04,XII,R,,wspierający,niska
Z04,XIII,R,1;4;7,współpracujący,średnia
Z04,XIV,R,1;4;5;7,wiodący,wysoka
Z04,XV,R,,wspierający,niska
Z04,XVI,R,,wspierający,niska
Z04,XVII,R,,wspierający,niska
Z04,XVIII,R,1;4;7,współpracujący,średnia
Z04,XIX,R,1;4;5;7,wiodący,wysoka
Z04,XX,R,1;4;7,współpracujący,średnia
Z04,XXI,R,,wspierający,niska
Z04,XXII,R,,wspierający,niska
Z04,XXIII,R,,wspierający,niska
Z04,XXIV,R,,wspierający,niska
Z04,XXV,R,1,wspierający,niska
Z04,I,O,3;7,wiodący,wysoka
Z04,II,O,,wspierający,niska
Z04,III,O,1,wspierający,niska
Z04,IV,O,,wspierający,niska
Z04,V,O,1,wspierający,niska
Z04,VI,O,,wspierający,niska
Z04,VII,O,,wspierający,niska
Z04,VIII,O,,wspierający,niska
Z04,IX,O,,wspierający,niska
Z04,X,O,3;7,wiodący,wysoka
Z04,XI,O,,wspierający,niska
Z04,XII,O,,wspierający,niska
Z04,XIII,O,3;7,współpracujący,średnia
Z04,XIV,O,,wspierający,niska
Z04,XV,O,,wspierający,niska
Z04,XVI,O,,wspierający,niska
Z04,XVII,O,,wspierający,niska
Z04,XVIII,O,3;7,współpracujący,średnia
Z04,XIX,O,,wspierający,niska
Z04,XX,O,3;7,współpracujący,średnia
Z04,XXI,O,,wspierający,niska
Z04,XXII,O,,wspierający,niska
Z04,XXIII,O,,wspierający,niska
Z04,XXIV,O,,wspierający,niska
Z04,XXV,O,1,wspierający,niska
Z05,I,R,1,wspierający,niska
Z05,II,R,,wspierający,niska
Z05,III,R,1,wspierający,niska
Z05,IV,R,1;2;7,współpracujący,średnia
Z05,V,R,1,wspierający,niska
Z05,VI,R,,wspierający,niska
Z05,VII,R,,wspierający,niska
Z05,VIII,R,1;2;7,wiodący,wysoka
Z05,IX,R,1;2;7,współpracujący,średnia
Z05,X,R,,wspierający,niska
Z05,XI,R,,wspierający,niska
Z05,XII,R,,wspierający,niska
Z05,XIII,R,,wspierający,niska
Z05,XIV,R,,wspierający,niska
Z05,XV,R,,wspierający,niska
Z05,XVI,R,,wspierający,niska
Z05,XVII,R,1;2;7,współpracujący,średnia
Z05,XVIII,R,1,wspierający,niska
Z05,XIX,R,,wspierający,niska
Z05,XX,R,1,wspierający,niska
Z05,XXI,R,1;2;7,współpracujący,średnia
Z05,XXII,R,,wspierający,niska
Z05,XXIII,R,,wspierający,niska
Z05,XXIV,R,1;2;7,wiodący,wysoka
Z05,XXV,R,1,wspierający,niska
Z05,I,O,1,wspierający,niska
Z05,II,O,,wspierający,niska
Z05,III,O,3;6;7,współpracujący,średnia
Z05,IV,O,,wspierający,niska
Z05,V,O,3;6;7,współpracujący,średnia
Z05,VI,O,,wspierający,niska
Z05,VII,O,,wspierający,niska
Z05,VIII,O,3;6;7,wiodący,wysoka
Z05,IX,O,,wspierający,niska
Z05,X,O,,wspierający,niska
Z05,XI,O,,wspierający,niska
Z05,XII,O,,wspierający,niska
Z05,XIII,O,,wspierający,niska
Z05,XIV,O,,wspierający,niska
Z05,XV,O,,wspierający,niska
Z05,XVI,O,,wspierający,niska
Z05,XVII,O,3;6;7,wiodący,wysoka
Z05,XVIII,O,1,wspierający,niska
Z05,XIX,O,,wspierający,niska
Z05,XX,O,1,wspierający,niska
Z05,XXI,O,3;6;7,współpracujący,średnia
Z05,XXII,O,,wspierający,niska
Z05,XXIII,O,,wspierający,niska
Z05,XXIV,O,3;6;7,współpracujący,średnia
Z05,XXV,O,1,wspierający,niska
Z06,I,R,1,wspierający,niska
Z06,II,R,,wspierający,niska
Z06,III,R,1,wspierający,niska
Z06,IV,R,,wspierający,niska
Z06,V,R,1;2;7,współpracujący,średnia
Z06,VI,R,,wspierający,niska
Z06,VII,R,,wspierający,niska
Z06,VIII,R,,wspierający,niska
Z06,IX,R,1;2;7,współpracujący,średnia
Z06,X,R,,wspierający,niska
Z06,XI,R,,wspierający,niska
Z06,XII,R,,wspierający,niska
Z06,XIII,R,,wspierający,niska
Z06,XIV,R,,wspierający,niska
Z06,XV,R,,wspierający,niska
Z06,XVI,R,,wspierający,niska
Z06,XVII,R,1;2;7,wiodący,wysoka
Z06,XVIII,R,1,wspierający,niska
Z06,XIX,R,1;2;7,współpracujący,średnia
Z06,XX,R,1;2;7,współpracujący,średnia
Z06,XXI,R,,wspierający,niska
Z06,XXII,R,,wspierający,niska
Z06,XXIII,R,,wspierający,niska
Z06,XXIV,R,,wspierający,niska
Z06,XXV,R,1,wspierający,niska
Z06,I,O,1,wspierający,niska
Z06,II,O,,wspierający,niska
Z06,III,O,1,wspierający,niska
Z06,IV,O,,wspierający,niska
Z06,V,O,3;6;7,współpracujący,średnia
Z06,VI,O,3;6;7,współpracujący,średnia
Z06,VII,O,,wspierający,niska
Z06,VIII,O,,wspierający,niska
Z06,IX,O,,wspierający,niska
Z06,X,O,,wspierający,niska
Z06,XI,O,,wspierający,niska
Z06,XII,O,,wspierający,niska
Z06,XIII,O,,wspierający,niska
Z06,XIV,O,,wspierający,niska
Z06,XV,O,,wspierający,niska
Z06,XVI,O,,wspierający,niska
Z06,XVII,O,3;6;7,wiodący,wysoka
Z06,XVIII,O,1,wspierający,niska
Z06,XIX,O,,wspierający,niska
Z06,XX,O,3;6;7,współpracujący,średnia
Z06,XXI,O,,wspierający,niska
Z06,XXII,O,,wspierający,niska
Z06,XXIII,O,,wspierający,niska
Z06,XXIV,O,,wspierający,niska
Z06,XXV,O,1,wspierający,niska
Z07,I,R,1,wspierający,niska
Z07,II,R,,wspierający,niska
Z07,III,R,1,wspierający,niska
Z07,IV,R,1;2;3;4;7,wiodący,wysoka
Z07,V,R,1,wspierający,niska
Z07,VI,R,,wspierający,niska
Z07,VII,R,,wspierający,niska
Z07,VIII,R,,wspierający,niska
Z07,IX,R,1;2;3;4;7,współpracujący,średnia
Z07,X,R,,wspierający,niska
Z07,XI,R,,wspierający,niska
Z07,XII,R,,wspierający,niska
Z07,XIII,R,1;2;3;4;7,współpracujący,średnia
Z07,XIV,R,,wspierający,niska
Z07,XV,R,,wspierający,niska
Z07,XVI,R,,wspierający,niska
Z07,XVII,R,,wspierający,niska
Z07,XVIII,R,1,wspierający,niska
Z07,XIX,R,1;2;3;4;7,współpracujący,średnia
Z07,XX,R,1,wspierający,niska
Z07,XXI,R,,wspierający,niska
Z07,XXII,R,1;2;3;4;7,współpracujący,średnia
Z07,XXIII,R,,wspierający,niska
Z07,XXIV,R,,wspierający,niska
Z07,XXV,R,1;2;3;4;7,współpracujący,średnia
Z07,I,O,1,wspierający,niska
Z07,II,O,,wspierający,niska
Z07,III,O,1,wspierający,niska
Z07,IV,O,3;4;7,wiodący,wysoka
Z07,V,O,1,wspierający,niska
Z07,VI,O,3;4;7,współpracujący,średnia
Z07,VII,O,,wspierający,niska
Z07,VIII,O,,wspierający,niska
Z07,IX,O,,wspierający,niska
Z07,X,O,,wspierający,niska
Z07,XI,O,,wspierający,niska
Z07,XII,O,,wspierający,niska
Z07,XIII,O,3;4;7,współpracujący,średnia
Z07,XIV,O,,wspierający,niska
Z07,XV,O,,wspierający,niska
Z07,XVI,O,,wspierający,niska
Z07,XVII,O,,wspierający,niska
Z07,XVIII,O,1,wspierający,niska
Z07,XIX,O,,wspierający,niska
Z07,XX,O,1,wspierający,niska
Z07,XXI,O,,wspierający,niska
Z07,XXII,O,3;4;7,współpracujący,średnia
Z07,XXIII,O,,wspierający,niska
Z07,XXIV,O,,wspierający,niska
Z07,XXV,O,3;4;7,wiodący,wysoka
Z08,I,R,1,wspierający,niska
Z08,II,R,,wspierający,niska
Z08,III,R,1,wspierający,niska
Z08,IV,R,1;2;4;7,współpracujący,średnia
Z08,V,R,1,wspierający,niska
Z08,VI,R,,wspierający,niska
Z08,VII,R,,wspierający,niska
Z08,VIII,R,1;2;4;7,współpracujący,średnia
Z08,IX,R,,wspierający,niska
Z08,X,R,,wspierający,niska
Z08,XI,R,,wspierający,niska
Z08,XII,R,,wspierający,niska
Z08,XIII,R,1;2;4;7,współpracujący,średnia
Z08,XIV,R,,wspierający,niska
Z08,XV,R,,wspierający,niska
Z08,XVI,R,,wspierający,niska
Z08,XVII,R,,wspierający,niska
Z08,XVIII,R,1,wspierający,niska
Z08,XIX,R,1;2;4;7,wiodący,wysoka
Z08,XX,R,1,wspierający,niska
Z08,XXI,R,,wspierający,niska
Z08,XXII,R,1;2;4;7,współpracujący,średnia
Z08,XXIII,R,,wspierający,niska
Z08,XXIV,R,1;2;4;7,współpracujący,średnia
Z08,XXV,R,1,wspierający,niska
Z08,I,O,1,wspierający,niska
Z08,II,O,3;4;7,wiodący,wysoka
Z08,III,O,1,wspierający,niska
Z08,IV,O,3;4;7,współpracujący,średnia
Z08,V,O,1,wspierający,niska
Z08,VI,O,,wspierający,niska
Z08,VII,O,,wspierający,niska
Z08,VIII,O,,wspierający,niska
Z08,IX,O,,wspierający,niska
Z08,X,O,,wspierający,niska
Z08,XI,O,,wspierający,niska
Z08,XII,O,,wspierający,niska
Z08,XIII,O,3;4;7,współpracujący,średnia
Z08,XIV,O,,wspierający,niska
Z08,XV,O,,wspierający,niska
Z08,XVI,O,,wspierający,niska
Z08,XVII,O,,wspierający,niska
Z08,XVIII,O,1,wspierający,niska
Z08,XIX,O,,wspierający,niska
Z08,XX,O,1,wspierający,niska
Z08,XXI,O,3;4;7,współpracujący,średnia
Z08,XXII,O,3;4;7,wiodący,wysoka
Z08,XXIII,O,,wspierający,niska
Z08,XXIV,O,,wspierający,niska
Z08,XXV,O,1,wspierający,niska
Z09,I,R,1,wspierający,niska
Z09,II,R,,wspierający,niska
Z09,III,R,1,wspierający,niska
Z09,IV,R,1;2;7,współpracujący,średnia
Z09,V,R,1,wspierający,niska
Z09,VI,R,1;2;5;7,wiodący,wysoka
Z09,VII,R,,wspierający,niska
Z09,VIII,R,,wspierający,niska
Z09,IX,R,,wspierający,niska
Z09,X,R,,wspierający,niska
Z09,XI,R,,wspierający,niska
Z09,XII,R,,wspierający,niska
Z09,XIII,R,,wspierający,niska
Z09,XIV,R,1;2;5;7,współpracujący,średnia
Z09,XV,R,,wspierający,niska
Z09,XVI,R,,wspierający,niska
Z09,XVII,R,,wspierający,niska
Z09,XVIII,R,1,wspierający,niska
Z09,XIX,R,1;2;5;7,współpracujący,średnia
Z09,XX,R,1,wspierający,niska
Z09,XXI,R,,wspierający,niska
Z09,XXII,R,1;2;5;7,współpracujący,średnia
Z09,XXIII,R,,wspierający,niska
Z09,XXIV,R,,wspierający,niska
Z09,XXV,R,1;2;5;7,wiodący,wysoka
Z09,I,O,1,wspierający,niska
Z09,II,O,,wspierający,niska
Z09,III,O,1,wspierający,niska
Z09,IV,O,3;6;7,współpracujący,średnia
Z09,V,O,3;6;7,współpracujący,średnia
Z09,VI,O,3;6;7,wiodący,wysoka
Z09,VII,O,,wspierający,niska
Z09,VIII,O,,wspierający,niska
Z09,IX,O,,wspierający,niska
Z09,X,O,,wspierający,niska
Z09,XI,O,,wspierający,niska
Z09,XII,O,,wspierający,niska
Z09,XIII,O,,wspierający,niska
Z09,XIV,O,,wspierający,niska
Z09,XV,O,,wspierający,niska
Z09,XVI,O,,wspierający,niska
Z09,XVII,O,,wspierający,niska
Z09,XVIII,O,1,wspierający,niska
Z09,XIX,O,,wspierający,niska
Z09,XX,O,1,wspierający,niska
Z09,XXI,O,,wspierający,niska
Z09,XXII,O,3;6;7,współpracujący,średnia
Z09,XXIII,O,,wspierający,niska
Z09,XXIV,O,,wspierający,niska
Z09,XXV,O,3;6;7,wiodący,wysoka
Z10,I,R,1,wspierający,niska
Z10,II,R,,wspierający,niska
Z10,III,R,1,wspierający,niska
Z10,IV,R,,wspierający,niska
Z10,V,R,1,wspierający,niska
Z10,VI,R,,wspierający,niska
Z10,VII,R,,wspierający,niska
Z10,VIII,R,,wspierający,niska
Z10,IX,R,1;2;4;7,współpracujący,średnia
Z10,X,R,,wspierający,niska
Z10,XI,R,,wspierający,niska
Z10,XII,R,,wspierający,niska
Z10,XIII,R,,wspierający,niska
Z10,XIV,R,1;2;4;5;7,współpracujący,średnia
Z10,XV,R,,wspierający,niska
Z10,XVI,R,,wspierający,niska
Z10,XVII,R,,wspierający,niska
Z10,XVIII,R,1,wspierający,niska
Z10,XIX,R,1;2;4;5;7,wiodący,wysoka
Z10,XX,R,1,wspierający,niska
Z10,XXI,R,1;2;4;5;7,wiodący,wysoka
Z10,XXII,R,1;2;4;5;7,współpracujący,średnia
Z10,XXIII,R,,wspierający,niska
Z10,XXIV,R,1;2;4;7,współpracujący,średnia
Z10,XXV,R,1,wspierający,niska
Z10,I,O,1,wspierający,niska
Z10,II,O,3;6;7,współpracujący,średnia
Z10,III,O,1,wspierający,niska
Z10,IV,O,,wspierający,niska
Z10,V,O,1,wspierający,niska
Z10,VI,O,,wspierający,niska
Z10,VII,O,,wspierający,niska
Z10,VIII,O,,wspierający,niska
Z10,IX,O,3;6;7,współpracujący,średnia
Z10,X,O,,wspierający,niska
Z10,XI,O,,wspierający,niska
Z10,XII,O,,wspierający,niska
Z10,XIII,O,,wspierający,niska
Z10,XIV,O,,wspierający,niska
Z10,XV,O,,wspierający,niska
Z10,XVI,O,,wspierający,niska
Z10,XVII,O,,wspierający,niska
Z10,XVIII,O,1,wspierający,niska
Z10,XIX,O,,wspierający,niska
Z10,XX,O,1,wspierający,niska
Z10,XXI,O,3;6;7,wiodący,wysoka
Z10,XXII,O,,wspierający,niska
Z10,XXIII,O,3;6;7,współpracujący,średnia
Z10,XXIV,O,,wspierający,niska
Z10,XXV,O,1,wspierający,niska
Z11,I,R,1,wspierający,niska
Z11,II,R,,wspierający,niska
Z11,III,R,1,wspierający,niska
Z11,IV,R,,wspierający,niska
Z11,V,R,1,wspierający,niska
Z11,VI,R,1;2;7,współpracujący,średnia
Z11,VII,R,,wspierający,niska
Z11,VIII,R,,wspierający,niska
Z11,IX,R,1;2;7,współpracujący,średnia
Z11,X,R,,wspierający,niska
Z11,XI,R,,wspierający,niska
Z11,XII,R,,wspierający,niska
Z11,XIII,R,,wspierający,niska
Z11,XIV,R,,wspierający,niska
Z11,XV,R,,wspierający,niska
Z11,XVI,R,,wspierający,niska
Z11,XVII,R,1;2;7,wiodący,wysoka
Z11,XVIII,R,1,wspierający,niska
Z11,XIX,R,,wspierający,niska
Z11,XX,R,1,wspierający,niska
Z11,XXI,R,1;2;7,współpracujący,średnia
Z11,XXII,R,,wspierający,niska
Z11,XXIII,R,,wspierający,niska
Z11,XXIV,R,,wspierający,niska
Z11,XXV,R,1,wspierający,niska
Z11,I,O,1,wspierający,niska
Z11,II,O,,wspierający,niska
Z11,III,O,1,wspierający,niska
Z11,IV,O,,wspierający,niska
Z11,V,O,3;6;7,współpracujący,średnia
Z11,VI,O,3;6;7,współpracujący,średnia
Z11,VII,O,,wspierający,niska
Z11,VIII,O,,wspierający,niska
Z11,IX,O,,wspierający,niska
Z11,X,O,,wspierający,niska
Z11,XI,O,,wspierający,niska
Z11,XII,O,,wspierający,niska
Z11,XIII,O,,wspierający,niska
Z11,XIV,O,,wspierający,niska
Z11,XV,O,,wspierający,niska
Z11,XVI,O,,wspierający,niska
Z11,XVII,O,3;6;7,wiodący,wysoka
Z11,XVIII,O,1,wspierający,niska
Z11,XIX,O,,wspierający,niska
Z11,XX,O,1,wspierający,niska
Z11,XXI,O,3;6;7,współpracujący,średnia
Z11,XXII,O,,wspierający,niska
Z11,XXIII,O,,wspierający,niska
Z11,XXIV,O,,wspierający,niska
Z11,XXV,O,1,wspierający,niska
Z12,I,R,1,wspierający,niska
Z12,II,R,,wspierający,niska
Z12,III,R,1,wspierający,niska
Z12,IV,R,1;4;7,współpracujący,średnia
Z12,V,R,1,wspierający,niska
Z12,VI,R,,wspierający,niska
Z12,VII,R,,wspierający,niska
Z12,VIII,R,,wspierający,niska
Z12,IX,R,,wspierający,niska
Z12,X,R,1;4;7,współpracujący,średnia
Z12,XI,R,,wspierający,niska
Z12,XII,R,,wspierający,niska
Z12,XIII,R,1;4;7,wiodący,wysoka
Z12,XIV,R,1;4;7,współpracujący,średnia
Z12,XV,R,,wspierający,niska
Z12,XVI,R,,wspierający,niska
Z12,XVII,R,,wspierający,niska
Z12,XVIII,R,1,wspierający,niska
Z12,XIX,R,1;4;7,współpracujący,średnia
Z12,XX,R,1,wspierający,niska
Z12,XXI,R,,wspierający,niska
Z12,XXII,R,,wspierający,niska
Z12,XXIII,R,,wspierający,niska
Z12,XXIV,R,,wspierający,niska
Z12,XXV,R,1,wspierający,niska
Z12,I,O,1,wspierający,niska
Z12,II,O,,wspierający,niska
Z12,III,O,1,wspierający,niska
Z12,IV,O,,wspierający,niska
Z12,V,O,1,wspierający,niska
Z12,VI,O,3;4;7,współpracujący,średnia
Z12,VII,O,,wspierający,niska
Z12,VIII,O,,wspierający,niska
Z12,IX,O,,wspierający,niska
Z12,X,O,3;4;7,współpracujący,średnia
Z12,XI,O,,wspierający,niska
Z12,XII,O,,wspierający,niska
Z12,XIII,O,3;4;7,wiodący,wysoka
Z12,XIV,O,,wspierający,niska
Z12,XV,O,,wspierający,niska
Z12,XVI,O,,wspierający,niska
Z12,XVII,O,,wspierający,niska
Z12,XVIII,O,1,wspierający,niska
Z12,XIX,O,,wspierający,niska
Z12,XX,O,1,wspierający,niska
Z12,XXI,O,,wspierający,niska
Z12,XXII,O,,wspierający,niska
Z12,XXIII,O,,wspierający,niska
Z12,XXIV,O,,wspierający,niska
Z12,XXV,O,3;4;7,współpracujący,średnia
Z13,I,R,1,wspierający,niska
Z13,II,R,,wspierający,niska
Z13,III,R,1,wspierający,niska
Z13,IV,R,,wspierający,niska
Z13,V,R,1,wspierający,niska
Z13,VI,R,,wspierający,niska
Z13,VII,R,,wspierający,niska
Z13,VIII,R,,wspierający,niska
Z13,IX,R,1;2;4;7,współpracujący,niska
Z13,X,R,,wspierający,niska
Z13,XI,R,,wspierający,niska
Z13,XII,R,,wspierający,niska
Z13,XIII,R,,wspierający,niska
Z13,XIV,R,1;2;4;5;7,współpracujący,niska
Z13,XV,R,,wspierający,niska
Z13,XVI,R,,wspierający,niska
Z13,XVII,R,1;2;4;7,współpracujący,niska
Z13,XVIII,R,1,wspierający,niska
Z13,XIX,R,1;2;4;5;7,wiodący,średnia
Z13,XX,R,1,wspierający,niska
Z13,XXI,R,1;2;4;5;7,wiodący,średnia
Z13,XXII,R,1;2;4;5;7,współpracujący,niska
Z13,XXIII,R,,wspierający,niska
Z13,XXIV,R,,wspierający,niska
Z13,XXV,R,1,wspierający,niska
Z13,I,O,1,wspierający,niska
Z13,II,O,3;6;7,współpracujący,niska
Z13,III,O,1,wspierający,niska
Z13,IV,O,,wspierający,niska
Z13,V,O,1,wspierający,niska
Z13,VI,O,,wspierający,niska
Z13,VII,O,,wspierający,niska
Z13,VIII,O,,wspierający,niska
Z13,IX,O,3;6;7,wiodący,średnia
Z13,X,O,,wspierający,niska
Z13,XI,O,,wspierający,niska
Z13,XII,O,,wspierający,niska
Z13,XIII,O,,wspierający,niska
Z13,XIV,O,,wspierający,niska
Z13,XV,O,,wspierający,niska
Z13,XVI,O,,wspierający,niska
Z13,XVII,O,3;6;7,współpracujący,niska
Z13,XVIII,O,1,wspierający,niska
Z13,XIX,O,,wspierający,niska
Z13,XX,O,1,wspierający,niska
Z13,XXI,O,3;6;7,wiodący,średnia
Z13,XXII,O,3;6;7,współpracujący,niska
Z13,XXIII,O,,wspierający,niska
Z13,XXIV,O,,wspierający,niska
Z13,XXV,O,1,wspierający,niska
Z14,I,R,1,wspierający,niska
Z14,II,R,,wspierający,niska
Z14,III,R,1,wspierający,niska
Z14,IV,R,1;2;3;4;7,wiodący,średnia
Z14,V,R,1,wspierający,niska
Z14,VI,R,,wspierający,niska
Z14,VII,R,,wspierający,niska
Z14,VIII,R,,wspierający,niska
Z14,IX,R,1;2;3;4;7,współpracujący,niska
Z14,X,R,,wspierający,niska
Z14,XI,R,,wspierający,niska
Z14,XII,R,,wspierający,niska
Z14,XIII,R,,wspierający,niska
Z14,XIV,R,,wspierający,niska
Z14,XV,R,,wspierający,niska
Z14,XVI,R,,wspierający,niska
Z14,XVII,R,,wspierający,niska
Z14,XVIII,R,1,wspierający,niska
Z14,XIX,R,1;2;3;4;7,współpracujący,niska
Z14,XX,R,1,wspierający,niska
Z14,XXI,R,,wspierający,niska
Z14,XXII,R,1;2;3;4;7,współpracujący,niska
Z14,XXIII,R,,wspierający,niska
Z14,XXIV,R,,wspierający,niska
Z14,XXV,R,1;2;3;4;7,współpracujący,niska
Z14,I,O,1,wspierający,niska
Z14,II,O,3;4;7,współpracujący,niska
Z14,III,O,1,wspierający,niska
Z14,IV,O,3;4;7,wiodący,średnia
Z14,V,O,1,wspierający,niska
Z14,VI,O,,wspierający,niska
Z14,VII,O,,wspierający,niska
Z14,VIII,O,,wspierający,niska
Z14,IX,O,,wspierający,niska
Z14,X,O,,wspierający,niska
Z14,XI,O,,wspierający,niska
Z14,XII,O,,wspierający,niska
Z14,XIII,O,,wspierający,niska
Z14,XIV,O,,wspierający,niska
Z14,XV,O,,wspierający,niska
Z14,XVI,O,,wspierający,niska
Z14,XVII,O,,wspierający,niska
Z14,XVIII,O,1,wspierający,niska
Z14,XIX,O,,wspierający,niska
Z14,XX,O,1,wspierający,niska
Z14,XXI,O,,wspierający,niska
Z14,XXII,O,3;4;7,współpracujący,niska
Z14,XXIII,O,,wspierający,niska
Z14,XXIV,O,,wspierający,niska
Z14,XXV,O,3;4;7,wiodący,średnia
Z15,I,R,1,wspierający,niska
Z15,II,R,,wspierający,niska
Z15,III,R,1,wspierający,niska
Z15,IV,R,,wspierający,niska
Z15,V,R,1,wspierający,niska
Z15,VI,R,,wspierający,niska
Z15,VII,R,1;2;4;5;6;7,wiodący,średnia
Z15,VIII,R,,wspierający,niska
Z15,IX,R,1;2;4;6;7,współpracujący,niska
Z15,X,R,,wspierający,niska
Z15,XI,R,,wspierający,niska
Z15,XII,R,,wspierający,niska
Z15,XIII,R,,wspierający,niska
Z15,XIV,R,1;2;4;5;6;7,współpracujący,niska
Z15,XV,R,,wspierający,niska
Z15,XVI,R,,wspierający,niska
Z15,XVII,R,,wspierający,niska
Z15,XVIII,R,1,wspierający,niska
Z15,XIX,R,1;2;4;5;6;7,współpracujący,niska
Z15,XX,R,1;2;4;6;7,współpracujący,niska
Z15,XXI,R,1;2;4;6;7,współpracujący,niska
Z15,XXII,R,,wspierający,niska
Z15,XXIII,R,,wspierający,niska
Z15,XXIV,R,,wspierający,niska
Z15,XXV,R,1,wspierający,niska
Z15,I,O,1,wspierający,niska
Z15,II,O,,wspierający,niska
Z15,III,O,1,wspierający,niska
Z15,IV,O,,wspierający,niska
Z15,V,O,1,wspierający,niska
Z15,VI,O,3;6;7,współpracujący,niska
Z15,VII,O,3;6;7,wiodący,średnia
Z15,VIII,O,,wspierający,niska
Z15,IX,O,3;6;7,współpracujący,niska
Z15,X,O,,wspierający,niska
Z15,XI,O,,wspierający,niska
Z15,XII,O,,wspierający,niska
Z15,XIII,O,,wspierający,niska
Z15,XIV,O,,wspierający,niska
Z15,XV,O,,wspierający,niska
Z15,XVI,O,,wspierający,niska
Z15,XVII,O,,wspierający,niska
Z15,XVIII,O,1,wspierający,niska
Z15,XIX,O,,wspierający,niska
Z15,XX,O,3;6;7,współpracujący,niska
Z15,XXI,O,3;6;7,wiodący,średnia
Z15,XXII,O,,wspierający,niska
Z15,XXIII,O,,wspierający,niska
Z15,XXIV,O,,wspierający,niska
Z15,XXV,O,1,wspierający,niska
Z16,I,R,1,wspierający,niska
Z16,II,R,,wspierający,niska
Z16,III,R,1,wspierający,niska
Z16,IV,R,,wspierający,niska
Z16,V,R,1,wspierający,niska
Z16,VI,R,,wspierający,niska
Z16,VII,R,,wspierający,niska
Z16,VIII,R,,wspierający,niska
Z16,IX,R,1;2;4;7,współpracujący,niska
Z16,X,R,1;2;4;7,współpracujący,niska
Z16,XI,R,,wspierający,niska
Z16,XII,R,,wspierający,niska
Z16,XIII,R,1;2;4;7,współpracujący,niska
Z16,XIV,R,1;2;4;5;7,współpracujący,niska
Z16,XV,R,,wspierający,niska
Z16,XVI,R,,wspierający,niska
Z16,XVII,R,,wspierający,niska
Z16,XVIII,R,1;2;4;7,współpracujący,niska
Z16,XIX,R,1;2;4;5;7,wiodący,średnia
Z16,XX,R,1;2;4;7,współpracujący,niska
Z16,XXI,R,,wspierający,niska
Z16,XXII,R,,wspierający,niska
Z16,XXIII,R,,wspierający,niska
Z16,XXIV,R,,wspierający,niska
Z16,XXV,R,1,wspierający,niska
Z16,I,O,1,wspierający,niska
Z16,II,O,,wspierający,niska
Z16,III,O,1,wspierający,niska
Z16,IV,O,,wspierający,niska
Z16,V,O,1,wspierający,niska
Z16,VI,O,,wspierający,niska
Z16,VII,O,,wspierający,niska
Z16,VIII,O,,wspierający,niska
Z16,IX,O,3;7,współpracujący,niska
Z16,X,O,3;7,współpracujący,niska
Z16,XI,O,,wspierający,niska
Z16,XII,O,,wspierający,niska
Z16,XIII,O,,wspierający,niska
Z16,XIV,O,,wspierający,niska
Z16,XV,O,,wspierający,niska
Z16,XVI,O,,wspierający,niska
Z16,XVII,O,,wspierający,niska
Z16,XVIII,O,3;7,wiodący,średnia
Z16,XIX,O,3;7,wiodący,średnia
Z16,XX,O,1,wspierający,niska
Z16,XXI,O,,wspierający,niska
Z16,XXII,O,,wspierający,niska
Z16,XXIII,O,3;7,współpracujący,niska
Z16,XXIV,O,,wspierający,niska
Z16,XXV,O,1,wspierający,niska
Z17,I,R,1,wspierający,niska
Z17,II,R,,wspierający,niska
Z17,III,R,1,wspierający,niska
Z17,IV,R,,wspierający,niska
Z17,V,R,1,wspierający,niska
Z17,VI,R,,wspierający,niska
Z17,VII,R,,wspierający,niska
Z17,VIII,R,,wspierający,niska
Z17,IX,R,1;2;4;6;7,współpracujący,niska
Z17,X,R,,wspierający,niska
Z17,XI,R,,wspierający,niska
Z17,XII,R,,wspierający,niska
Z17,XIII,R,,wspierający,niska
Z17,XIV,R,1;2;4;5;6;7,współpracujący,niska
Z17,XV,R,,wspierający,niska
Z17,XVI,R,,wspierający,niska
Z17,XVII,R,,wspierający,niska
Z17,XVIII,R,1,wspierający,niska
Z17,XIX,R,1;2;4;5;6;7,wiodący,średnia
Z17,XX,R,1;2;4;6;7,współpracujący,niska
Z17,XXI,R,1;2;4;5;6;7,wiodący,średnia
Z17,XXII,R,1;2;4;5;6;7,współpracujący,niska
Z17,XXIII,R,,wspierający,niska
Z17,XXIV,R,,wspierający,niska
Z17,XXV,R,1,wspierający,niska
Z17,I,O,1,wspierający,niska
Z17,II,O,3;6;7,współpracujący,niska
Z17,III,O,1,wspierający,niska
Z17,IV,O,,wspierający,niska
Z17,V,O,1,wspierający,niska
Z17,VI,O,,wspierający,niska
Z17,VII,O,,wspierający,niska
Z17,VIII,O,,wspierający,niska
Z17,IX,O,3;6;7,wiodący,średnia
Z17,X,O,,wspierający,niska
Z17,XI,O,,wspierający,niska
Z17,XII,O,,wspierający,niska
Z17,XIII,O,,wspierający,niska
Z17,XIV,O,,wspierający,niska
Z17,XV,O,,wspierający,niska
Z17,XVI,O,,wspierający,niska
Z17,XVII,O,,wspierający,niska
Z17,XVIII,O,1,wspierający,niska
Z17,XIX,O,,wspierający,niska
Z17,XX,O,3;6;7,współpracujący,niska
Z17,XXI,O,3;6;7,wiodący,średnia
Z17,XXII,O,,wspierający,niska
Z17,XXIII,O,3;6;7,współpracujący,niska
Z17,XXIV,O,,wspierający,niska
Z17,XXV,O,1,wspierający,niska
Z18,I,R,1;2;4;7,współpracujący,średnia
Z18,II,R,,wspierający,niska
Z18,III,R,1,wspierający,niska
Z18,IV,R,,wspierający,niska
Z18,V,R,1,wspierający,niska
Z18,VI,R,,wspierający,niska
Z18,VII,R,,wspierający,niska
Z18,VIII,R,,wspierający,niska
Z18,IX,R,1;2;4;7,współpracujący,średnia
Z18,X,R,,wspierający,niska
Z18,XI,R,,wspierający,niska
Z18,XII,R,,wspierający,niska
Z18,XIII,R,1;2;4;7,współpracujący,średnia
Z18,XIV,R,,wspierający,niska
Z18,XV,R,,wspierający,niska
Z18,XVI,R,,wspierający,niska
Z18,XVII,R,,wspierający,niska
Z18,XVIII,R,1;2;4;7,współpracujący,średnia
Z18,XIX,R,1;2;4;7,wiodący,wysoka
Z18,XX,R,1,wspierający,niska
Z18,XXI,R,,wspierający,niska
Z18,XXII,R,,wspierający,niska
Z18,XXIII,R,,wspierający,niska
Z18,XXIV,R,,wspierający,niska
Z18,XXV,R,1,wspierający,niska
Z18,I,O,3;7,współpracujący,średnia
Z18,II,O,,wspierający,niska
Z18,III,O,1,wspierający,niska
Z18,IV,O,,wspierający,niska
Z18,V,O,1,wspierający,niska
Z18,VI,O,,wspierający,niska
Z18,VII,O,,wspierający,niska
Z18,VIII,O,,wspierający,niska
Z18,IX,O,,wspierający,niska
Z18,X,O,,wspierający,niska
Z18,XI,O,,wspierający,niska
Z18,XII,O,,wspierający,niska
Z18,XIII,O,,wspierający,niska
Z18,XIV,O,,wspierający,niska
Z18,XV,O,,wspierający,niska
Z18,XVI,O,,wspierający,niska
Z18,XVII,O,,wspierający,niska
Z18,XVIII,O,3;7,wiodący,wysoka
Z18,XIX,O,3;7,wiodący,wysoka
Z18,XX,O,1,wspierający,niska
Z18,XXI,O,,wspierający,niska
Z18,XXII,O,,wspierający,niska
Z18,XXIII,O,3;7,współpracujący,średnia
Z18,XXIV,O,,wspierający,niska
Z18,XXV,O,1,wspierający,niska
Z19,I,R,1,wspierający,niska
Z19,II,R,,wspierający,niska
Z19,III,R,1,wspierający,niska
Z19,IV,R,1;2;4;7,współpracujący,niska
Z19,V,R,1,wspierający,niska
Z19,VI,R,,wspierający,niska
Z19,VII,R,,wspierający,niska
Z19,VIII,R,,wspierający,niska
Z19,IX,R,1;2;4;7,współpracujący,niska
Z19,X,R,,wspierający,niska
Z19,XI,R,,wspierający,niska
Z19,XII,R,,wspierający,niska
Z19,XIII,R,1;2;4;7,współpracujący,niska
Z19,XIV,R,,wspierający,niska
Z19,XV,R,,wspierający,niska
Z19,XVI,R,,wspierający,niska
Z19,XVII,R,,wspierający,niska
Z19,XVIII,R,1,wspierający,niska
Z19,XIX,R,1;2;4;7,wiodący,średnia
Z19,XX,R,1,wspierający,niska
Z19,XXI,R,,wspierający,niska
Z19,XXII,R,1;2;4;7,współpracujący,niska
Z19,XXIII,R,1;2;4;7,współpracujący,niska
Z19,XXIV,R,1;2;4;7,wiodący,średnia
Z19,XXV,R,1,wspierający,niska
Z19,I,O,1,wspierający,niska
Z19,II,O,3;4;7,wiodący,średnia
Z19,III,O,1,wspierający,niska
Z19,IV,O,3;4;7,współpracujący,niska
Z19,V,O,1,wspierający,niska
Z19,VI,O,,wspierający,niska
Z19,VII,O,,wspierający,niska
Z19,VIII,O,,wspierający,niska
Z19,IX,O,3;4;7,współpracujący,niska
Z19,X,O,,wspierający,niska
Z19,XI,O,,wspierający,niska
Z19,XII,O,,wspierający,niska
Z19,XIII,O,,wspierający,niska
Z19,XIV,O,,wspierający,niska
Z19,XV,O,,wspierający,niska
Z19,XVI,O,,wspierający,niska
Z19,XVII,O,,wspierający,niska
Z19,XVIII,O,1,wspierający,niska
Z19,XIX,O,,wspierający,niska
Z19,XX,O,1,wspierający,niska
Z19,XXI,O,,wspierający,niska
Z19,XXII,O,3;4;7,wiodący,średnia
Z19,XXIII,O,3;4;7,współpracujący,niska
Z19,XXIV,O,,wspierający,niska
Z19,XXV,O,1,wspierający,niska
Z20,I,R,1;4;7,wiodący,wysoka
Z20,II,R,,wspierający,niska
Z20,III,R,1,wspierający,niska
Z20,IV,R,,wspierający,niska
Z20,V,R,1,wspierający,niska
Z20,VI,R,,wspierający,niska
Z20,VII,R,,wspierający,niska
Z20,VIII,R,,wspierający,niska
Z20,IX,R,,wspierający,niska
Z20,X,R,1;4;7,wiodący,wysoka
Z20,XI,R,,wspierający,niska
Z20,XII,R,,wspierający,niska
Z20,XIII,R,1;4;7,współpracujący,średnia
Z20,XIV,R,1;4;7,współpracujący,średnia
Z20,XV,R,,wspierający,niska
Z20,XVI,R,,wspierający,niska
Z20,XVII,R,,wspierający,niska
Z20,XVIII,R,1,wspierający,niska
Z20,XIX,R,1;4;7,współpracujący,średnia
Z20,XX,R,1;4;7,współpracujący,średnia
Z20,XXI,R,,wspierający,niska
Z20,XXII,R,,wspierający,niska
Z20,XXIII,R,,wspierający,niska
Z20,XXIV,R,,wspierający,niska
Z20,XXV,R,1,wspierający,niska
Z20,I,O,3;7,wiodący,wysoka
Z20,II,O,,wspierający,niska
Z20,III,O,1,wspierający,niska
Z20,IV,O,,wspierający,niska
Z20,V,O,1,wspierający,niska
Z20,VI,O,,wspierający,niska
Z20,VII,O,,wspierający,niska
Z20,VIII,O,,wspierający,niska
Z20,IX,O,,wspierający,niska
Z20,X,O,3;7,wiodący,wysoka
Z20,XI,O,,wspierający,niska
Z20,XII,O,,wspierający,niska
Z20,XIII,O,3;7,współpracujący,średnia
Z20,XIV,O,,wspierający,niska
Z20,XV,O,,wspierający,niska
Z20,XVI,O,,wspierający,niska
Z20,XVII,O,,wspierający,niska
Z20,XVIII,O,3;7,współpracujący,średnia
Z20,XIX,O,,wspierający,niska
Z20,XX,O,3;7,współpracujący,średnia
Z20,XXI,O,,wspierający,niska
Z20,XXII,O,,wspierający,niska
Z20,XXIII,O,,wspierający,niska
Z20,XXIV,O,,wspierający,niska
Z20,XXV,O,1,wspierający,niska
